seed,in_domain_hybrid_minus_physics,ood_sensor_noise_hybrid_minus_physics,ood_cooling_hybrid_minus_physics,ood_combined_hybrid_minus_physics,ood_shocks_hybrid_minus_physics,target_ood_aggregate_hybrid_minus_physics
22000,-0.9747577113684542,-2.0353964989251736,0.0,0.0,2.085284706738456,-0.6784654996417245
22001,-1.026604533070298,2.755939654842159,0.9410811542362865,1.8820585918029167,-1.0194770218411122,1.8596931336271207
22002,-0.9985023525611041,-0.9815998870945819,-0.9257041956170298,-1.0033047041906187,2.3199149884942543,-0.9702029289674101
22003,-0.9829066918866189,-1.00714614697268,-0.9682172138016156,1.9012924906652913,2.786769025111653,-0.024690290036334755
22004,-1.8721986900799408,1.8765951403613101,0.0,1.7522126477560533,-2.9446105458659986,1.2096025960391212
22005,-1.0131113474945082,2.7087357333390045,-0.009956845699939265,1.6618917714866583,2.1587348219504747,1.4535568863752413
22006,-2.056998174335483,-1.3814293710057655,-0.9845939527321477,-1.8150755644155865,-1.0368976754940604,-1.3936996293844999
22007,2.397893520224237,4.9051831568702795,0.0,1.76800687766697,0.0,2.224396678179083
22008,-1.0273169082324216,2.22791814320847,2.591213679923932,0.0,-0.00011776574636002124,1.6063772743774674
22009,6.240902807954377,1.5455271137679674,0.0,1.660090257173799,6.136286595586796,1.0685391236472555
22010,0.03890761594423253,-1.9432629028402175,-0.883337713672681,-0.883337713672681,0.03890761594423253,-1.2366461100618598
22011,-0.9780159984872299,-0.8828870332866074,-1.004717887226235,-1.0005943697443342,2.571895616074201,-0.9627330967523923
22012,-1.018696175608497,-1.018696175608497,0.0698893646664942,1.9775294999479485,-1.0335383717070528,0.34290756300198194
22013,4.859289707209648,4.40030319672934,2.081006092719221,1.6061725622984824,2.161009592856118,2.695827283915681
22014,-0.9704605055903812,-1.014813807333752,2.1034045644698907,2.1284550472131656,-0.9886888685089659,1.072348601449768
22015,-1.0752063317592189,1.668614967573319,0.0,0.0,3.6834961675113433,0.5562049891911064
22016,2.642021039617788,0.7714695458968777,2.225831405977104,3.414053499952857,5.001835424507888,2.1371181506089463
22017,2.673794136944217,-1.0316309232303738,2.182073399747388,2.180773842515194,2.6714568698294343,1.1104054396774028
22018,2.694324217451495,1.5537800991807487,1.8990436657029974,2.299151513546299,1.9269027359143536,1.917325092810015
22019,-1.0447333887208288,2.7635312066166833,0.0,0.0,-1.0447333887208288,0.9211770688722277
22020,0.049241769116584067,-2.0646741690973656,2.243869193882105,2.259219340317756,2.720688862448938,0.8128047883674986
22021,-1.0121112788865787,-1.0369097437849817,1.8821046774775567,2.3124585926856156,4.832104776174262,1.0525511754593968
22022,2.6623339930112593,-2.03818324340196,-0.9296084446348729,2.0182726174509895,4.934071681980349,-0.3165063568619478
22023,-1.0128589529940868,5.1741115257911545,0.0,3.677544443962489,2.6344672282045565,2.9505519899178814
22024,-0.9826633862223062,9.833444924732525,2.3131296858857766,4.036516178534669,2.618390936304529,5.3943635963843235
22025,-1.0045115668608915,1.568952508621436,2.2779566483986287,3.950506359350136,-1.0045115668608915,2.5991385054567337
22026,-1.0306726128849277,1.1697545241711467,2.274099510847009,2.364770570512519,-4.7644897292563755,1.9362082018435582
22027,-1.0568370620105512,-1.0526649321589545,2.031521543434401,1.7902952561988528,2.598746450636291,0.9230506224914331
22028,-2.019067782122754,-0.41903373869604366,0.0,0.0,-1.016305645088508,-0.13967791289868123
22029,-0.9757722159598856,4.363338185045485,2.0332588837993057,-2.0075033768046993,0.15291248547152492,1.4630312306800306
22030,-4.622522978764451,2.621990029717921,0.0,-0.005197946282791577,-1.0184673690198949,0.8722640278117098
22031,-1.021509908600457,-0.9955948390485929,2.37584383425186,2.668219582766902,2.6765189134725205,1.3494895259900563
22032,2.414115612440959,6.133601236398746,0.0,0.0,2.3300685940628725,2.0445337454662487
22033,0.019636178721377462,-2.0436655623418005,2.010812204504049,2.173252996146026,-1.016821094205774,0.7134665461027581
22034,-1.0505399363899315,2.681491780515998,2.2470311953488107,4.2213710692250785,-1.0629016352892648,3.049964681696629
22035,-0.9274674706557278,1.5621773870026132,1.9803343231594255,0.548224642643568,-4.525959540897375,1.3635787842685356
22036,-1.014273262917385,1.3654072803267212,-0.9514525957237936,0.0,-1.014273262917385,0.13798489486764254
22037,-2.0754933321122024,2.539880689706365,1.9457355310812545,3.9601913367093076,-2.0754933321122024,2.815269185832309
22038,1.5374657049986737,-1.743963928478152,0.0,0.0,6.108818981706726,-0.5813213094927173
22039,2.3065799704200387,0.022979636266967418,0.0,0.0,-1.0122116852990573,0.007659878755655806
22040,-1.002219051469737,2.7229374508432116,0.04869028357556715,1.9155637781023103,-1.0016303725373277,1.562397170840363
22041,-1.0249637412638535,-2.0142905321566715,2.020091069326746,0.9330226731055902,-1.0249637412638535,0.3129410700918882
22042,2.608434039538629,5.300720026479553,-1.0285036803644232,-0.9908688569694704,2.6774227968491644,1.0937824963818865
22043,1.007016953618873,2.1070430628131973,1.98922114793681,2.017080662641007,0.9728582088677484,2.0377816244636713
22044,1.658687361802457,5.439651689363032,4.237771931816781,2.283527515991281,1.655724367750821,3.9869837123903644
22045,-1.0221212844221839,5.354100052554081,1.950339572348021,3.810942432975736,-4.649709382778433,3.705127352625946
22046,-0.9824106426144965,-1.9849985899981633,0.10673376397891587,2.0206717632793456,-0.9698811568332673,0.04746897908669941
22047,-2.0510986563210167,-0.9877871846880169,-0.976969158879605,-1.9637674310045767,-2.0510986563210167,-1.3095079248573995
22048,-1.0275915707279495,-2.048382139127426,0.0,0.0,-2.0783474824488124,-0.6827940463758088
22049,2.5787033627664115,-0.9955944388374363,-0.9497693329987484,0.0,2.561324232508092,-0.6484545906120616
22050,-1.9803798229050145,-0.9793504209794008,2.564107636726675,0.843815155249267,-1.0048915495408508,0.8095241236655136
22051,2.3311438116598566,-0.12125133463821669,0.0,2.0872985435936044,2.3493489928990456,0.655349069651796
22052,2.477698928723399,2.5223259191420837,2.6748977697031933,1.7969226751011362,2.444753321838192,2.331382121315471
22053,-1.0043557618876164,-1.0467989931468793,-0.9360141447634263,-3.631845799703733,-0.99346456852291,-1.8715529792046794
22054,-0.9954300901262556,-1.0292325558124276,-0.9289888242159066,0.8966566784041277,-0.9954300901262556,-0.3538549005414022
22055,2.551728508630937,-0.9720394569531265,1.921191328981486,1.7624182664029249,0.1766704664686145,0.9038567128104281
22056,-1.0069432342901194,1.676709858882795,2.330504773385286,2.0532440154263227,-1.0334460812163258,2.020152882564801
22057,-1.0632610756718321,0.7597231984496204,-0.9717915753513466,3.4804850469719995,-1.0691258439367175,1.0894722233567578
22058,2.687089881389916,2.445949697357719,0.0,1.7334140430233234,-0.9896275133590748,1.3931212467936807
22059,1.46010195609324,2.7249828985715467,2.466389768880518,1.7616138332027873,1.46010195609324,2.3176621668849506
22060,-1.019948452042108,-0.9195215730403632,-0.932433879243078,-1.6495324813260197,-1.0130875305990301,-1.1671626445364869
22061,-1.0383315967122257,-1.0219836514601255,1.9215326331099618,1.876741055698929,-1.0442578682852783,0.9254300124495884
22062,2.622172973294589,2.6425446709344698,0.0,0.0,2.282842073111567,0.8808482236448233
22063,-0.9569176121356193,6.129034448247154,0.0,1.9045948801341268,0.8903443716935371,2.6778764427937602
22064,-0.9826627244694421,2.694666292588515,-3.661197095783713,1.712449618818006,-2.0057001689181675,0.24863960520760267
22065,-0.9830644701134474,1.6068559111403857,1.9265986309686056,3.3951516907681096,-1.0134146337459242,2.309535410959034
22066,2.628998238607707,2.3421031212114087,0.0,1.8639490676101076,1.3167640571217802,1.4020173962738387
22067,-1.0290173240144043,0.030497083881584786,-1.0317606027623185,1.7000452689949128,-0.9879470290171071,0.2329272500380597
22068,2.7269989760092983,2.6280158174810424,1.8913725693346635,1.6894605649548708,-3.6537150441597817,2.069616317256859
22069,-0.9744585005593436,-0.9143832909930438,-0.9344137506595516,0.0,-1.0131360111498822,-0.6162656805508652
22070,-1.0051430411568205,-1.982265122674157,-0.9462880307908605,3.695338674551877,1.4436478414677723,0.25559517369561985
22071,-1.061219400595732,0.9396671993648269,2.7680024553558553,1.5978480134544668,2.5744439576390903,1.7685058893917163
22072,-0.9640231977218008,6.440426405513257,-0.9835470649237124,2.6273382667614626,-4.619857186764328,2.694739202450336
22073,1.6402958319602874,2.720746662693749,-0.9799916301810114,-0.9622437960166224,-0.9956669622492171,0.25950374549870503
22074,-0.9996101859776871,-1.0080757865482965,-1.5118169819813403,-2.858803812667105,-3.3166812700604495,-1.792898860398914
22075,-0.9728477424071684,4.886252169164088,2.7317783542399283,0.0,-3.6394750063742194,2.539343507801339
22076,-0.9651938280860932,1.7298518440204376,-0.01843843294807357,0.005748342784990257,-1.0489272501901112,0.5723872512857847
22077,1.3020476190725319,-1.6406459713474888,-1.0559084634257019,2.4472672049627064,-1.0152938346045346,-0.0830957432701614
22078,1.3861987885070661,2.6767333802018882,-0.9991392165817885,0.7444110330850933,-0.7780786141607763,0.8073350655683976
22079,-1.0405829103075348,-0.9639960795520892,2.016805181922507,-0.034709486117918686,-1.1418323965862882,0.33936653875083306
22080,-1.00377894513381,-0.9885044235084024,1.9672544362109008,0.0,-0.935325106401315,0.3262500042341661
22081,-1.9875307403775366,2.719736591605951,2.7134859052175386,1.761496077732616,-1.9875307403775366,2.3982395248520354
22082,2.714296656739073,2.7839486272226637,0.0,-0.9644370542953595,2.1175538810390293,0.6065038576424348
22083,-0.9823367847083233,1.4817391289228041,1.889495268307563,3.9624262229455596,-0.9823367847083233,2.4445535400586422
22084,-1.0183100674349177,1.4092045798527124,1.9122345589446468,3.6852217416400705,-1.0183100674349177,2.3355536268124766
22085,-0.9846184025699927,1.617891281263006,1.9677750905628457,1.6627522292071006,-0.990104175353892,1.749472867010984
22086,-0.9629304371292946,2.751891790320201,1.7851708364295362,2.454872837804757,-4.470674839484467,2.330645154851498
22087,-0.9864973438850981,-1.0134776271318984,1.9205548557771124,0.0,2.677941752636137,0.30235907621507135
22088,-1.0341769172644248,1.6900754906933955,2.1061184748037505,2.148292274876326,-0.6284565399296937,1.981495413457824
22089,-0.9985653480735834,-0.954233068829339,0.9752150084676927,1.890934740719878,-2.0676594354765214,0.6373055601194105
22090,-0.9859044129848087,2.489004382541438,0.05038589829132434,-0.9490519872509111,-1.0107456950215123,0.5301127645272837
22091,2.5481953735246563,1.5477423615178978,-1.0111582255685292,-1.0334286530200103,1.93644552562467,-0.16561483902354723
22092,-2.0507891625785533,-0.9819339465325214,-0.933112597181001,-0.9826554970000103,-2.0507891625785533,-0.9659006802378443
22093,2.686817748326355,1.659690455770388,2.607697244304916,0.10013866385568093,-0.994174416136957,1.4558421213103283
22094,2.1894627028089957,2.2232499611825602,1.8774507300025505,1.747798539483881,0.009729065181723229,1.9494997435563306
22095,1.6826060576589583,-0.9486100356952178,-0.992558764739158,0.0,2.7110788809012476,-0.6470562668114587
22096,1.0827610706359607,-1.0333572283142374,2.0010211717248225,0.0,2.1187332255249416,0.3225546478035284
22097,2.720579021573478,2.560419183076924,-1.0190435493614345,0.6285068036323196,2.7502108389486253,0.723294145782603
22098,2.7329233275042597,2.558761285664602,1.9186880020300876,0.0,0.022729369595012372,1.4924830958982298
22099,-1.0110437357984807,-1.0317183198058615,1.9532251219950538,2.010155502093852,-1.0110437357984807,0.9772207680943481
