phase,contrast,mean_reward_per_task,bootstrap_95_ci_lower,bootstrap_95_ci_upper,sign_flip_two_sided_p,exact_sign_two_sided_p,positive_lifetimes,negative_lifetimes,lifetimes
inherited_confirmatory,hybrid_vs_physics_z0,0.7970240266978742,0.5462905739824827,1.0588808751852339,9.99999000001e-07,0.020978735677851718,62,38,100
inherited_confirmatory,monolithic_vs_physics_z0,-9.067785000846065,-9.507488386291085,-8.629553291699162,9.99999000001e-07,1.5777218104420236e-30,0,100,100
inherited_confirmatory,primary_uncertainty,0.720523381094315,0.4744752393432859,0.9784987106636537,9.99999000001e-07,0.4841184136072915,54,46,100
inherited_confirmatory,residual_at_z1_5,0.07650064560355933,-0.06568002844478071,0.2253725005188137,0.3104516895483104,5.636282034205402e-07,25,75,100
inherited_confirmatory,uncertainty_vs_current_sensor,1.71980902717877,1.3333741616891173,2.1240175715489125,9.99999000001e-07,3.216001529566633e-05,71,29,100
post_confirmatory_extension,hybrid_vs_physics_z0,0.6592877133516662,0.4009467455622145,0.9298927214422595,2.999997000003e-06,0.4841184136072915,54,46,100
post_confirmatory_extension,selected_vs_current_sensor,1.7458987653354532,1.3022114039607195,2.224535009910171,9.99999000001e-07,7.85013964559367e-05,70,30,100
post_confirmatory_extension,selected_vs_inherited,-0.008144875535866507,-0.1210223136323574,0.10775717207616331,0.8921821078178922,4.69241261264223e-06,27,73,100
post_confirmatory_extension,selected_vs_physics_z0,0.6919715990702785,0.43446918971675674,0.961789445773937,2.999997000003e-06,0.7643534344026668,52,48,100
