seed,residual_at_z0,residual_at_z1_5,uncertainty_without_residual,uncertainty_with_residual,interaction
23000,0.8854144380497099,-1.5944146697258124,0.5520512752079014,-1.927777832567621,-2.4798291077755223
23001,0.4912326715577251,-0.3151694746477223,3.0306010120213123,2.2241988658158647,-0.8064021462054475
23002,0.0,0.016701368365983644,-0.3463827971499593,-0.3296814287839756,0.016701368365983644
23003,1.3920730783888189,0.6161917318105358,2.1767401384951413,1.400858791916858,-0.7758813465782831
23004,0.7130717482091479,0.0,0.3904244355591615,-0.3226473126499864,-0.7130717482091479
23005,-0.03276649540773491,-0.011775398582114368,2.515750017506479,2.5367411143321,0.02099109682562054
23006,0.0,0.8552116818546883,0.8972420015011977,1.752453683355886,0.8552116818546883
23007,0.013277550755984654,-0.3323376736782843,1.0468367821435909,0.701221557709322,-0.34561522443426895
23008,1.817213513591869,0.9020179467464663,3.7947980653439757,2.879602498498573,-0.9151955668454027
23009,1.3195339062339595,0.8515463460644076,1.5650171080631192,1.0970295478935672,-0.46798756016955184
23010,0.013240914279604018,0.0,0.23047975341077395,0.21723883913116993,-0.013240914279604018
23011,0.0015874979220432313,-0.6476887015898333,-0.26794041240862515,-0.9172166119205016,-0.6492761995118764
23012,1.3045870637141188,-0.3590942467026063,2.663653836053759,0.999972525637034,-1.663681310416725
23013,-0.9606996033254092,0.6336926385770951,-0.3370967284161968,1.2572955134863075,1.5943922419025043
23014,0.00772709286947304,-0.34622171664145895,0.9076547581364404,0.5537059486255084,-0.353948809510932
23015,1.2044132414683162,0.5938022587356642,3.0341647091101507,2.4235537263774987,-0.610610982732652
23016,-0.3465021985511143,0.6902411554317851,-0.3318166070161013,0.7049267469667981,1.0367433539828994
23017,-0.004352938579252452,0.01896119447231352,1.1028575032165833,1.1261716362681493,0.02331413305156597
23018,1.219277037381353,0.9075790186902472,0.6303710331405105,0.3186730144494045,-0.31169801869110597
23019,0.5333257619704668,0.9186828510279833,1.129249268896724,1.5146063579542404,0.3853570890575166
23020,0.8631022461177172,-0.30710584454747664,1.8661437071764577,0.6959356165112638,-1.170208090665194
23021,-0.002546126051091354,0.0026477386848000606,-0.6190634775037864,-0.613869612767895,0.005193864735891414
23022,-0.009596895370513892,-0.3457491309330341,0.23574373187022957,-0.10040850369229067,-0.3361522355625202
23023,-0.33863376922635996,0.005078570414681849,0.9139262365000889,1.2576385761411306,0.3437123396410418
23024,0.0,-0.36523299835913764,2.281988547425018,1.9167555490658803,-0.36523299835913764
23025,-0.013702149911497466,0.0007133321273258275,0.5600568220313372,0.5744723040701606,0.014415482038823294
23026,0.9011238663908117,-0.34361041129512654,1.5351656441904022,0.290431366504464,-1.2447342776859383
23027,2.16877558911235,0.9417720003638337,2.0602937062943973,0.833290117545881,-1.2270035887485164
23028,-1.292204350422035,-0.006721858611390037,-0.6751634981938514,0.6103189936167936,1.285482491810645
23029,-0.658037720872836,0.0,0.7777525872841101,1.435790308156946,0.658037720872836
23030,2.161000944916303,-0.35194606389270194,3.3409920992681656,0.8280450904591609,-2.512947008809005
23031,-0.06336308734609493,1.217661285669377,2.3002676834056763,3.581292056421148,1.281024373015472
23032,-0.04813827890507364,0.513527537498201,1.9924793991720857,2.5541452155753603,0.5616658164032747
23033,0.0,0.0,2.8440193941353393,2.8440193941353393,0.0
23034,-0.35008130909239793,0.012531549263101738,-0.6606997820073133,-0.2980869236518136,0.36261285835549967
23035,0.0,0.0,1.4777992983148707,1.4777992983148707,0.0
23036,0.0,-0.33849981389614925,0.002391519557875199,-0.33610829433827405,-0.33849981389614925
23037,-0.010518637881555529,0.01063898046577331,-0.31684034806026773,-0.2956827297129389,0.02115761834732884
23038,0.637480122408526,1.3065408655480961,0.8807247540988854,1.5497854972384555,0.66906074313957
23039,0.8801665728139435,0.00445935004591765,0.5349120962217953,-0.3407951265462306,-0.8757072227680259
23040,-0.3487163133721296,0.008483046614863099,-0.011263900055562695,0.34593545993143,0.3571993599869927
23041,1.2246262000788875,-0.6560620113939706,1.4867988155686926,-0.39388939590416544,-1.880688211472858
23042,0.0,0.03254866983197265,0.23940998243044476,0.2719586522624174,0.03254866983197265
23043,2.797971888580257,0.8496907854854262,2.2305094297390227,0.2822283266441919,-1.9482811030948308
23044,0.8117326636930168,0.890675272136446,-0.39976940256580445,-0.32082679412237525,0.0789426084434292
23045,-0.008914458089357424,0.004081960529572844,-0.09260526155411242,-0.07960884293518215,0.012996418618930269
23046,-0.35080344144005454,-0.32564664890657014,2.6391960301596433,2.6643528226931275,0.025156792533484424
23047,0.0,0.6764624497932132,-0.4610668944625047,0.21539555533070853,0.6764624497932132
23048,0.008698676235027847,0.002405418902661438,1.21875086350497,1.2124576061726036,-0.006293257332366409
23049,1.1767069318642218,-0.3589798874285866,1.8937075939373191,0.3580207746445107,-1.5356868192928086
23050,0.6394590382772828,0.007715767080078706,0.3048655304864525,-0.32687774071075165,-0.6317432711972041
23051,-0.003114279786951594,-0.003061171649361446,1.8012971691724786,1.8013502773100687,5.3108137590148395e-05
23052,0.0,-0.33011272852327994,1.2122698691985458,0.8821571406752658,-0.33011272852327994
23053,0.09948927110809318,-0.33505584727976395,0.33135449641300835,-0.10319062197484878,-0.4345451183878571
23054,0.027728796242743197,0.29526846697616804,0.6718006086984568,0.9393402794318817,0.26753967073342483
23055,0.013737362471665904,0.003125410456533473,-0.3216809316192813,-0.3322928836344137,-0.010611952015132431
23056,-0.3658273597502581,-0.3206323214006777,0.20413878390959658,0.2493338222591769,0.04519503834958035
23057,3.3300351006460005e-05,0.005190382763153423,-0.340209461330699,-0.33505237891855205,0.005157082412146963
23058,-0.34795311192479517,0.33642645407414307,-1.5815257905823685,-0.8971462245834303,0.6843795659989382
23059,1.3418923978373982,-0.19727444772324057,2.1248753455744165,0.5857085000137777,-1.5391668455606389
23060,0.7316937674153697,-0.38205196100812816,-0.4336532572354959,-1.5473989856589938,-1.113745728423498
23061,1.2597914744531025,-0.3352354224303558,0.24810402294899347,-1.3469228739344647,-1.5950268968834582
23062,-0.0045463489271710955,-0.3383794515764957,1.172609512432236,0.8387764097829115,-0.3338331026493246
23063,0.06053985955870189,0.5002862210664413,0.9144849534397087,1.354231314947448,0.43974636150773944
23064,0.008605258181383135,-0.328718211621279,0.5557471953382063,0.21842372553554412,-0.33732346980266215
23065,0.0,1.4815447762545564,-0.416330099759179,1.0652146764953774,1.4815447762545564
23066,0.0732718134344239,0.793111416190771,0.7944397868935648,1.5142793896499118,0.7198396027563471
23067,0.0,-0.3387700539841134,0.004792558238529902,-0.3339774957455835,-0.3387700539841134
23068,0.91145726231368,0.0,2.0186333354170714,1.1071760731033915,-0.91145726231368
23069,-0.38842448092000836,-0.3366968212426234,2.3546298546551654,2.40635751433255,0.05172765967738494
23070,0.33494203286659757,-0.32561161654476695,2.603905781714888,1.9433521323035237,-0.6605536494113645
23071,0.6285601399411599,0.46630036917133805,-0.4628570143397492,-0.625116785109571,-0.1622597707698219
23072,-0.002038631727846981,-0.3495111553265768,0.010267611886715619,-0.33720491171201417,-0.34747252359872977
23073,1.7558206461815355,0.009929152597247063,2.578618277648135,0.8327267840638465,-1.7458914935842884
23074,0.0,-0.3483082094483194,2.648863651189776,2.3005554417414564,-0.3483082094483194
23075,0.8602522664795226,-0.34138910923378535,2.7385943561128605,1.5369529803995523,-1.201641375713308
23076,-0.3945617859073991,0.5184000595196542,1.1699841647530842,2.0829460101801374,0.9129618454270533
23077,-0.3522570707982335,0.12134560409005246,-1.4696793856342083,-0.9960767107459224,0.47360267488828595
23078,0.0,0.6011828408421351,-1.4876441494279267,-0.8864613085857916,0.6011828408421351
23079,1.770102068938461,-0.3331386962574854,2.463774482708262,0.36053371751231583,-2.1032407651959466
23080,0.011171078190850873,-0.004146116979787469,-0.328499471075484,-0.34381666624612234,-0.015317195170638342
23081,-0.04379062534725856,1.3555202843239844,-0.12367774458683793,1.275633165084405,1.399310909671243
23082,0.9033936848512786,0.0028780102525753173,1.5390090426030387,0.6384933680043355,-0.9005156745987032
23083,0.27594680443787684,0.004363997457237663,1.1608483789327029,0.8892655719520638,-0.2715828069806392
23084,1.4138572081454133,-0.3440846309550949,2.7861563694167963,1.0282145303162882,-1.7579418391005082
23085,-0.34897272713987587,0.005317275485076323,0.29915545563647566,0.6534454582614279,0.3542900026249522
23086,0.007096712420713895,-0.34182819350844085,0.5982317058279918,0.24930679989883706,-0.34892490592915476
23087,-0.3271563128400672,-0.004670330780359204,0.5236328000515679,0.8461187821112759,0.32248598205970797
23088,0.17869992068186016,0.0035837707223270363,0.8300001740686606,0.6548840241091275,-0.17511614995953315
23089,-1.2276694082821347,0.0,1.2391208539801586,2.4667902622622933,1.2276694082821347
23090,0.0682192800690089,2.081689236245751,1.1269671191167798,3.1404370752935216,2.013469956176742
23091,-1.252690668493102,-0.3054955502831736,0.25537270418365665,1.2025678223935852,0.9471951182099284
23092,-0.19597490994975905,-0.34220838845918894,2.546886760579298,2.400653282069868,-0.14623347850942991
23093,-0.07855548137352031,-0.3673011253662774,0.7543360771874319,0.4655904331946748,-0.2887456439927571
23094,0.48135446867632226,1.255301045469544,-1.2529537086744682,-0.47900713188124655,0.7739465767932217
23095,1.8303280820618966,0.29961461691384983,2.118053405575727,0.5873399404276801,-1.5307134651480467
23096,1.2360943910136701,-0.6616281447803303,1.320609276808317,-0.5771132589856833,-1.8977225357940004
23097,0.8446294821124264,0.6566942284429089,1.099444365969435,0.9115091122999175,-0.1879352536695175
23098,0.6019325315544085,-0.3127569384842867,1.513284713174393,0.5985952431356978,-0.9146894700386952
23099,0.5198509860711292,0.6908816982626931,1.5894326975611694,1.7604634097527334,0.17103071219156382
